,0
0,0.0
1,0.0
2,0.0
3,0.0
4,0.0
5,0.0
6,0.0
7,0.0
8,0.0
9,0.0
10,0.0
11,0.0
12,0.0
13,0.0
14,0.0
15,0.0
16,0.0
17,0.0
18,0.0
19,0.0
20,0.0
21,0.0
22,0.0
23,0.0
24,0.0
25,0.0
26,0.0
27,0.0
28,0.0
29,0.0
30,0.0
31,0.0
32,0.0
33,0.0
34,0.0
35,0.0
36,0.0
37,0.0
38,0.0
39,0.0
40,0.0
41,0.0
42,0.0
43,0.0
44,0.0
45,0.0
46,0.0
47,0.0
48,0.0
49,0.0
50,0.0
51,0.0
52,0.0
53,0.0
54,0.0
55,0.0
56,0.0
57,0.0
58,0.0
59,0.0
60,0.0
61,0.0
62,0.0
63,0.0
64,0.0
65,0.0
66,0.0
67,0.0
68,0.0
69,0.0
70,0.0
71,0.0
72,0.0
73,0.0
74,0.0
75,0.0
76,0.0
77,0.0
78,0.0
79,0.0
80,0.0
81,0.0
82,0.0
83,0.0
84,0.0
85,0.0
86,0.0
87,0.0
88,0.0
89,0.0
90,0.0
91,0.0
92,0.0
93,0.0
94,0.0
95,0.0
96,0.0
97,0.0
98,0.0
99,0.0
100,0.0
101,0.0
102,0.0
103,0.0
104,0.0
105,0.0
106,0.0
107,0.0
108,0.0
109,0.0
110,0.0
111,0.0
112,0.0
113,0.0
114,0.0
115,0.0
116,0.0
117,0.0
118,0.0
119,0.0
120,0.0
121,0.0
122,0.0
123,0.0
124,0.0
125,0.0
126,0.0
127,0.0
128,0.0
129,0.0
130,0.0
131,0.0
132,0.0
133,0.0
134,0.0
135,0.0
136,0.0
137,0.0
138,0.0
139,0.0
140,0.0
141,0.0
142,0.0
143,0.0
144,0.0
145,0.0
146,0.0
147,0.0
148,0.0
149,0.0
150,0.0
151,0.0
152,0.0
153,0.0
154,0.0
155,0.0
156,0.0
157,0.0
158,0.0
159,0.0
160,0.0
161,0.0
162,0.0
163,0.0
164,0.0
165,0.0
166,0.0
167,0.0
168,0.0
169,0.0
170,0.0
171,0.0
172,0.0
173,0.0
174,0.0
175,0.0
176,0.0
177,0.0
178,0.0
179,0.0
180,0.0
181,0.0
182,0.0
183,0.0
184,0.0
185,0.0
186,0.0
187,0.0
188,0.0
189,0.0
190,0.0
191,0.0
192,0.0
193,0.0
194,0.0
195,0.0
196,0.0
197,0.0
198,0.0
199,0.0
200,0.0
201,0.0
202,0.0
203,0.0
204,0.0
205,0.0
206,0.0
207,0.0
208,0.0
209,0.0
210,0.0
211,0.0
212,0.0
213,0.0
214,0.0
215,0.0
216,0.0
217,0.0
218,0.0
219,0.0
220,0.0
221,0.0
222,0.0
223,0.0
224,0.0
225,0.0
226,0.0
227,0.0
228,0.0
229,0.0
230,0.0
231,0.0
232,0.0
233,0.0
234,0.0
235,0.0
236,0.0
237,0.0
238,0.0
239,0.0
240,0.0
241,0.0
242,0.0
243,0.0
244,0.0
245,0.0
246,0.0
247,0.0
248,0.0
249,0.0
250,0.0
251,0.0
252,0.0
253,0.0
254,0.0
255,0.0
256,0.0
257,0.0
258,0.0
259,0.0
260,0.0
261,0.0
262,0.0
263,0.0
264,0.0
265,0.0
266,0.0
267,0.0
268,0.0
269,0.0
270,0.0
271,0.0
272,0.0
273,0.0
274,0.0
275,0.0
276,0.0
277,0.0
278,0.0
279,0.0
280,0.0
281,0.0
282,0.0
283,0.0
284,0.0
285,0.0
286,0.0
287,0.0
288,0.0
289,0.0
290,0.0
291,0.0
292,0.0
293,0.0
294,0.0
295,0.0
296,0.0
297,0.0
298,0.0
299,0.0
300,0.0
301,0.0
302,0.0
303,0.0
304,0.0
305,0.0
306,0.0
307,0.0
308,0.0
309,0.0
310,0.0
311,0.0
312,0.0
313,0.0
314,0.0
315,0.0
316,0.0
317,0.0
318,0.0
319,0.0
320,0.0
321,0.0
322,0.0
323,0.0
324,0.0
325,0.0
326,0.0
327,0.0
328,0.0
329,0.0
330,0.0
331,0.0
332,0.0
333,0.0
334,0.0
335,0.0
336,0.0
337,0.0
338,0.0
339,0.0
340,0.0
341,0.0
342,0.0
343,0.0
344,0.0
345,0.0
346,0.0
347,0.0
348,0.0
349,0.0
350,0.0
351,0.0
352,0.0
353,0.0
354,0.0
355,0.0
356,0.0
357,0.0
358,0.0
359,0.0
360,0.0
361,0.0
362,0.0
363,0.0
364,0.0
365,0.0
366,0.0
367,0.0
368,0.0
369,0.0
370,0.0
371,0.0
372,0.0
373,0.0
374,0.0
375,0.0
376,0.0
377,0.0
378,0.0
379,0.0
380,0.0
381,0.0
382,0.0
383,0.0
384,0.0
385,0.0
386,0.0
387,0.0
388,0.0
389,0.0
390,0.0
391,0.0
392,0.0
393,0.0
394,0.0
395,0.0
396,0.0
397,0.0
398,0.0
399,0.0
400,0.0
401,0.0
402,0.0
403,0.0
404,0.0
405,0.0
406,0.0
407,0.0
408,0.0
409,0.0
410,0.0
411,0.0
412,0.0
413,0.0
414,0.0
415,0.0
416,0.0
417,0.0
418,0.0
419,0.0
420,0.0
421,0.0
422,0.0
423,0.0
424,0.0
425,0.0
426,0.0
427,0.0
428,0.0
429,0.0
430,0.0
431,0.0
432,0.0
433,0.0
434,0.0
435,0.0
436,0.0
437,0.0
438,0.0
439,0.0
440,0.0
441,0.0
442,0.0
443,0.0
444,0.0
445,0.0
446,0.0
447,0.0
448,0.0
449,0.0
450,0.0
451,0.0
452,0.0
453,0.0
454,0.0
455,0.0
456,0.0
457,0.0
458,0.0
459,0.0
460,0.0
461,0.0
462,0.0
463,0.0
464,0.0
465,0.0
466,0.0
467,0.0
468,0.0
469,0.0
470,0.0
471,0.0
472,0.0
473,0.0
474,0.17199999999999993
475,0.0
476,0.0
477,0.0
478,0.0
479,0.0
480,0.0
481,0.0
482,0.0
483,0.0
484,0.0
485,0.0
486,0.0
487,0.0
488,0.0
489,0.0
490,0.0
491,0.0
492,0.0
493,0.0
494,0.0
495,0.0
496,0.0
497,0.0
498,0.0
499,0.0
500,0.0
501,0.0
502,0.0
503,0.0
504,0.0
505,0.0
506,0.0
507,0.0
508,0.0
509,0.0
510,0.0
511,0.0
512,0.0
513,0.0
514,0.0
515,0.0
516,0.0
517,0.0
518,0.0
519,0.0
520,0.0
521,0.0
522,0.0
523,0.0
524,0.0
525,0.0
526,0.0
527,0.0
528,0.0
529,0.0
530,0.0
531,0.0
532,0.0
533,0.0
534,0.0
535,0.0
536,0.0
537,0.0
538,0.0
539,0.0
540,0.0
541,0.0
542,0.0
543,0.0
544,0.0
545,0.0
546,0.0
547,0.0
548,0.0
549,0.0
550,0.0
551,0.0
552,0.0
553,0.0
554,0.0
555,0.0
556,0.0
557,0.0
558,0.0
559,0.0
560,0.0
561,0.0
562,0.0
563,0.0
564,0.0
565,0.0
566,0.0
567,0.0
568,0.0
569,0.0
570,0.0
571,0.0
572,0.0
573,0.0
574,0.0
575,0.0
576,0.0
577,0.0
578,0.0
579,0.0
580,0.0
581,0.0
582,0.0
583,0.0
584,0.0
585,0.0
586,0.0
587,0.0
588,0.0
589,0.0
590,0.0
591,0.0
592,0.37
593,0.0
594,0.0
595,0.0
596,0.0
597,0.0
598,0.0
599,0.0
600,0.0
601,0.0
602,0.0
603,0.0
604,0.0
605,0.0
606,0.0
607,0.0
608,0.0
609,0.0
610,0.0
611,0.0
612,0.6399999999999999
613,0.0
614,0.0
615,0.0
616,0.712
617,0.694
618,0.0
619,0.3879999999999999
620,0.0
621,0.856
622,0.0
623,0.262
624,0.694
625,0.856
626,0.82
627,0.0
628,0.4959999999999999
629,0.0
630,0.0
631,0.604
632,0.244
633,0.33399999999999996
634,0.55
635,0.784
636,0.29799999999999993
637,0.0
638,0.5680000000000001
639,0.748
640,0.352
641,0.784
642,0.802
643,0.0
644,0.5680000000000001
645,0.352
646,0.0
647,0.262
648,0.44199999999999995
649,0.0
650,0.5680000000000001
651,0.6399999999999999
652,0.0
653,0.478
654,0.0
655,0.4959999999999999
656,0.0
657,0.17199999999999993
658,0.0
659,0.0
660,0.0
661,0.136
662,0.856
663,0.82
664,0.0
665,0.694
666,0.18999999999999995
667,0.0
668,0.856
669,0.0
670,0.0
671,0.0
672,0.0
673,0.244
674,0.6399999999999999
675,0.0
676,0.0
677,0.0
678,0.82
679,0.0
680,0.262
681,0.802
682,0.20799999999999996
683,0.0
684,0.712
685,0.874
686,0.838
687,0.0
688,0.694
689,0.748
690,0.0
691,0.694
692,0.0
693,0.0
694,0.0
695,0.874
696,0.22599999999999998
697,0.0
698,0.586
699,0.0
700,0.0
701,0.18999999999999995
702,0.874
703,0.0
704,0.4959999999999999
705,0.478
706,0.31599999999999995
707,0.838
708,0.0
709,0.712
710,0.802
711,0.0
712,0.0
713,0.0
714,0.0
715,0.0
716,0.0
717,0.2799999999999999
718,0.748
719,0.766
720,0.6759999999999999
721,0.0
722,0.0
723,0.6399999999999999
724,0.0
725,0.244
726,0.856
727,0.136
728,0.0
729,0.29799999999999993
730,0.766
731,0.0
732,0.6759999999999999
733,0.0
734,0.0
735,0.0
736,0.0
737,0.0
738,0.0
739,0.4059999999999999
740,0.838
741,0.45999999999999996
742,0.0
743,0.532
744,0.0
745,0.586
746,0.4959999999999999
747,0.604
748,0.0
749,0.6399999999999999
750,0.6579999999999999
751,0.55
752,0.0
753,0.0
754,0.0
755,0.262
756,0.0
757,0.0
758,0.0
759,0.6399999999999999
760,0.0
761,0.0
762,0.856
763,0.6759999999999999
764,0.0
765,0.0
766,0.6759999999999999
767,0.0
768,0.33399999999999996
769,0.4959999999999999
770,0.37
771,0.0
772,0.6759999999999999
773,0.2799999999999999
774,0.0
775,0.352
776,0.0
777,0.0
778,0.0
779,0.694
780,0.784
781,0.838
782,0.0
783,0.0
784,0.0
785,0.784
786,0.118
787,0.82
788,0.0
789,0.802
790,0.118
791,0.874
792,0.0
793,0.31599999999999995
794,0.0
795,0.784
796,0.586
797,0.0
798,0.838
799,0.0
800,0.586
801,0.6399999999999999
802,0.0
803,0.0
804,0.15400000000000003
805,0.15400000000000003
806,0.586
807,0.20799999999999996
808,0.0
809,0.0
810,0.22599999999999998
811,0.748
812,0.478
813,0.0
814,0.0
815,0.0
816,0.802
817,0.2799999999999999
818,0.0
819,0.622
820,0.802
821,0.0
822,0.0
823,0.73
824,0.874
825,0.838
826,0.6759999999999999
827,0.0
828,0.0
829,0.118
830,0.784
831,0.0
832,0.136
833,0.44199999999999995
834,0.0
835,0.37
836,0.748
837,0.45999999999999996
838,0.6759999999999999
839,0.856
840,0.874
841,0.0
842,0.22599999999999998
843,0.0
844,0.0
845,0.0
846,0.0
847,0.784
848,0.0
849,0.766
850,0.45999999999999996
851,0.0
852,0.20799999999999996
853,0.37
854,0.0
855,0.838
856,0.0
857,0.82
858,0.20799999999999996
859,0.0
860,0.0
861,0.0
862,0.0
863,0.31599999999999995
864,0.874
865,0.586
866,0.514
867,0.0
868,0.0
869,0.0
870,0.0
871,0.73
872,0.4059999999999999
873,0.0
874,0.18999999999999995
875,0.0
876,0.20799999999999996
877,0.0
878,0.0
879,0.352
880,0.82
881,0.18999999999999995
882,0.586
883,0.0
884,0.0
885,0.784
886,0.0
887,0.6579999999999999
888,0.0
889,0.856
890,0.73
891,0.73
892,0.0
893,0.856
894,0.0
895,0.6399999999999999
896,0.42399999999999993
897,0.874
898,0.0
899,0.766
900,0.6579999999999999
901,0.874
902,0.0
903,0.0
904,0.622
905,0.6759999999999999
906,0.0
907,0.784
908,0.0
909,0.0
910,0.82
911,0.0
912,0.856
913,0.838
914,0.09999999999999998
915,0.0
916,0.514
917,0.0
918,0.0
919,0.0
920,0.0
921,0.838
922,0.0
923,0.748
924,0.532
925,0.0
926,0.18999999999999995
927,0.0
928,0.0
929,0.802
930,0.712
931,0.55
932,0.0
933,0.0
934,0.4959999999999999
935,0.0
936,0.0
937,0.20799999999999996
938,0.73
939,0.622
940,0.766
941,0.0
942,0.0
943,0.694
944,0.82
945,0.838
946,0.694
947,0.22599999999999998
948,0.748
949,0.532
950,0.0
951,0.6579999999999999
952,0.0
953,0.0
954,0.6579999999999999
955,0.0
956,0.0
957,0.6399999999999999
958,0.37
959,0.09999999999999998
960,0.6759999999999999
961,0.244
962,0.6399999999999999
963,0.532
964,0.0
965,0.0
966,0.0
967,0.0
968,0.0
969,0.0
970,0.712
971,0.0
972,0.0
973,0.244
974,0.6579999999999999
975,0.802
976,0.586
977,0.0
978,0.42399999999999993
979,0.3879999999999999
980,0.0
981,0.784
982,0.0
983,0.532
984,0.874
985,0.262
986,0.0
987,0.0
988,0.20799999999999996
989,0.33399999999999996
990,0.532
991,0.874
992,0.856
993,0.748
994,0.694
995,0.0
996,0.82
997,0.856
998,0.09999999999999998
999,0.244
1000,0.0
1001,0.838
1002,0.42399999999999993
1003,0.82
1004,0.18999999999999995
1005,0.33399999999999996
1006,0.586
1007,0.856
1008,0.0
1009,0.73
1010,0.0
1011,0.0
1012,0.15400000000000003
1013,0.73
1014,0.0
1015,0.0
1016,0.514
1017,0.874
1018,0.0
1019,0.712
1020,0.0
1021,0.712
1022,0.0
1023,0.694
1024,0.0
1025,0.532
1026,0.0
1027,0.694
1028,0.766
1029,0.604
1030,0.0
1031,0.856
1032,0.0
1033,0.604
1034,0.694
1035,0.802
1036,0.856
1037,0.5680000000000001
1038,0.0
1039,0.856
1040,0.766
1041,0.532
1042,0.262
1043,0.802
1044,0.0
1045,0.0
1046,0.856
1047,0.856
1048,0.0
1049,0.0
1050,0.0
1051,0.0
1052,0.82
1053,0.0
1054,0.0
1055,0.73
1056,0.874
1057,0.0
1058,0.0
1059,0.73
1060,0.0
1061,0.856
1062,0.0
1063,0.31599999999999995
1064,0.33399999999999996
1065,0.4059999999999999
1066,0.0
1067,0.0
1068,0.0
1069,0.766
1070,0.0
1071,0.0
1072,0.0
1073,0.352
1074,0.6759999999999999
1075,0.3879999999999999
1076,0.6759999999999999
1077,0.09999999999999998
1078,0.532
1079,0.0
1080,0.73
1081,0.0
1082,0.838
1083,0.0
1084,0.0
1085,0.0
1086,0.0
1087,0.352
1088,0.874
1089,0.0
1090,0.802
1091,0.0
1092,0.784
1093,0.604
1094,0.0
1095,0.0
1096,0.0
1097,0.45999999999999996
1098,0.82
1099,0.17199999999999993
1100,0.33399999999999996
1101,0.0
1102,0.09999999999999998
1103,0.0
1104,0.0
1105,0.784
1106,0.0
1107,0.55
1108,0.352
1109,0.44199999999999995
1110,0.874
1111,0.2799999999999999
1112,0.694
1113,0.0
1114,0.0
1115,0.802
1116,0.838
1117,0.4059999999999999
1118,0.874
1119,0.748
1120,0.856
1121,0.73
1122,0.694
1123,0.33399999999999996
1124,0.856
1125,0.0
1126,0.4959999999999999
1127,0.856
1128,0.0
1129,0.118
1130,0.0
1131,0.0
1132,0.802
1133,0.18999999999999995
1134,0.0
1135,0.874
1136,0.874
1137,0.0
1138,0.856
1139,0.0
1140,0.0
1141,0.6579999999999999
1142,0.17199999999999993
1143,0.0
1144,0.0
1145,0.694
1146,0.694
1147,0.262
1148,0.0
1149,0.0
1150,0.748
1151,0.0
1152,0.42399999999999993
1153,0.44199999999999995
1154,0.604
1155,0.0
1156,0.0
1157,0.586
1158,0.0
1159,0.0
1160,0.0
1161,0.0
1162,0.766
1163,0.0
1164,0.37
1165,0.42399999999999993
1166,0.118
1167,0.532
1168,0.6399999999999999
1169,0.0
1170,0.0
1171,0.514
1172,0.838
1173,0.262
1174,0.0
1175,0.0
1176,0.0
1177,0.0
1178,0.0
1179,0.0
1180,0.0
1181,0.0
1182,0.532
1183,0.0
1184,0.802
1185,0.4059999999999999
1186,0.0
1187,0.6399999999999999
1188,0.0
1189,0.0
1190,0.838
1191,0.42399999999999993
1192,0.0
1193,0.0
1194,0.0
1195,0.0
1196,0.838
1197,0.748
1198,0.0
1199,0.0
1200,0.856
1201,0.0
1202,0.0
1203,0.874
1204,0.82
1205,0.0
1206,0.6399999999999999
1207,0.0
1208,0.0
1209,0.262
1210,0.0
1211,0.15400000000000003
1212,0.44199999999999995
1213,0.118
1214,0.0
1215,0.712
1216,0.17199999999999993
1217,0.802
1218,0.0
1219,0.0
1220,0.856
1221,0.73
1222,0.0
1223,0.0
1224,0.0
1225,0.838
1226,0.0
1227,0.0
1228,0.42399999999999993
1229,0.586
1230,0.0
1231,0.0
1232,0.0
1233,0.694
1234,0.622
1235,0.0
1236,0.33399999999999996
1237,0.514
1238,0.6759999999999999
1239,0.748
1240,0.73
1241,0.874
1242,0.784
1243,0.0
1244,0.22599999999999998
1245,0.0
1246,0.532
1247,0.784
1248,0.45999999999999996
1249,0.0
1250,0.0
1251,0.604
1252,0.0
1253,0.0
1254,0.0
1255,0.0
1256,0.33399999999999996
1257,0.748
1258,0.856
1259,0.604
1260,0.6579999999999999
1261,0.784
1262,0.0
1263,0.6399999999999999
1264,0.0
1265,0.838
1266,0.838
1267,0.0
1268,0.874
1269,0.838
1270,0.45999999999999996
1271,0.0
1272,0.766
1273,0.838
1274,0.586
1275,0.0
1276,0.17199999999999993
1277,0.838
1278,0.0
1279,0.604
1280,0.0
1281,0.0
1282,0.0
1283,0.31599999999999995
1284,0.0
1285,0.17199999999999993
1286,0.82
1287,0.514
1288,0.802
1289,0.766
1290,0.0
1291,0.352
1292,0.3879999999999999
1293,0.0
1294,0.874
1295,0.766
1296,0.82
1297,0.0
1298,0.0
1299,0.838
1300,0.0
1301,0.856
1302,0.694
1303,0.55
1304,0.0
1305,0.604
1306,0.856
1307,0.0
1308,0.0
1309,0.15400000000000003
1310,0.0
1311,0.45999999999999996
1312,0.6579999999999999
1313,0.0
1314,0.0
1315,0.784
1316,0.784
1317,0.748
1318,0.478
1319,0.136
1320,0.0
1321,0.838
1322,0.856
1323,0.4059999999999999
1324,0.0
1325,0.622
1326,0.244
1327,0.712
1328,0.262
1329,0.4959999999999999
1330,0.17199999999999993
1331,0.0
1332,0.0
1333,0.586
1334,0.0
1335,0.0
1336,0.55
1337,0.0
1338,0.0
1339,0.20799999999999996
1340,0.15400000000000003
1341,0.0
1342,0.0
1343,0.604
1344,0.82
1345,0.0
1346,0.478
1347,0.874
1348,0.874
1349,0.784
1350,0.42399999999999993
1351,0.55
1352,0.856
1353,0.838
1354,0.622
1355,0.0
1356,0.514
1357,0.712
1358,0.0
1359,0.55
1360,0.0
1361,0.0
1362,0.2799999999999999
1363,0.802
1364,0.0
1365,0.784
1366,0.0
1367,0.0
1368,0.478
1369,0.0
1370,0.22599999999999998
1371,0.622
1372,0.0
1373,0.0
1374,0.478
1375,0.712
1376,0.604
1377,0.0
1378,0.0
1379,0.0
1380,0.0
1381,0.712
1382,0.0
1383,0.18999999999999995
1384,0.856
1385,0.0
1386,0.0
1387,0.15400000000000003
1388,0.42399999999999993
1389,0.0
1390,0.766
1391,0.478
1392,0.0
1393,0.42399999999999993
1394,0.784
1395,0.73
1396,0.0
1397,0.18999999999999995
1398,0.0
1399,0.766
1400,0.838
1401,0.33399999999999996
1402,0.586
1403,0.532
1404,0.604
1405,0.532
1406,0.0
1407,0.3879999999999999
1408,0.0
1409,0.2799999999999999
1410,0.784
1411,0.874
1412,0.0
1413,0.874
1414,0.2799999999999999
1415,0.0
1416,0.712
1417,0.0
1418,0.694
1419,0.0
1420,0.0
1421,0.0
1422,0.874
1423,0.42399999999999993
1424,0.29799999999999993
1425,0.4959999999999999
1426,0.0
1427,0.478
1428,0.874
1429,0.0
1430,0.6579999999999999
1431,0.0
1432,0.0
1433,0.802
1434,0.352
1435,0.2799999999999999
1436,0.0
1437,0.18999999999999995
1438,0.604
1439,0.0
1440,0.712
1441,0.0
1442,0.0
1443,0.874
1444,0.0
1445,0.55
1446,0.44199999999999995
1447,0.0
1448,0.0
1449,0.0
1450,0.802
1451,0.0
1452,0.0
1453,0.0
1454,0.838
1455,0.2799999999999999
1456,0.37
1457,0.0
1458,0.0
1459,0.6579999999999999
1460,0.0
1461,0.0
1462,0.748
1463,0.136
1464,0.42399999999999993
1465,0.478
1466,0.0
1467,0.82
1468,0.838
1469,0.0
1470,0.82
1471,0.55
1472,0.622
1473,0.0
1474,0.0
1475,0.82
1476,0.694
1477,0.0
1478,0.118
1479,0.73
1480,0.856
1481,0.15400000000000003
1482,0.748
1483,0.4959999999999999
1484,0.09999999999999998
1485,0.874
1486,0.37
1487,0.262
1488,0.0
1489,0.0
1490,0.0
1491,0.604
1492,0.73
1493,0.0
1494,0.0
1495,0.0
1496,0.20799999999999996
1497,0.352
1498,0.0
1499,0.802
1500,0.0
1501,0.0
1502,0.478
1503,0.22599999999999998
1504,0.4959999999999999
1505,0.17199999999999993
1506,0.0
1507,0.09999999999999998
1508,0.0
1509,0.784
1510,0.5680000000000001
1511,0.0
1512,0.0
1513,0.748
1514,0.118
1515,0.0
1516,0.0
1517,0.0
1518,0.0
1519,0.532
1520,0.42399999999999993
1521,0.73
1522,0.18999999999999995
1523,0.0
1524,0.856
1525,0.0
1526,0.586
1527,0.0
1528,0.0
1529,0.0
1530,0.82
1531,0.766
1532,0.0
1533,0.0
1534,0.856
1535,0.0
1536,0.0
1537,0.874
1538,0.622
1539,0.262
1540,0.0
1541,0.6579999999999999
1542,0.0
1543,0.0
1544,0.20799999999999996
1545,0.694
1546,0.0
1547,0.4959999999999999
1548,0.18999999999999995
1549,0.586
1550,0.0
1551,0.838
1552,0.0
1553,0.0
1554,0.0
1555,0.784
1556,0.82
1557,0.6759999999999999
1558,0.0
1559,0.262
1560,0.6579999999999999
1561,0.42399999999999993
1562,0.784
1563,0.0
1564,0.6579999999999999
1565,0.0
1566,0.0
1567,0.0
1568,0.0
1569,0.0
1570,0.802
1571,0.0
1572,0.586
1573,0.244
1574,0.4059999999999999
1575,0.29799999999999993
1576,0.0
1577,0.0
1578,0.784
1579,0.0
1580,0.0
1581,0.0
1582,0.694
1583,0.0
1584,0.0
1585,0.586
1586,0.874
1587,0.0
1588,0.874
1589,0.0
1590,0.82
1591,0.712
1592,0.802
1593,0.0
1594,0.766
1595,0.802
1596,0.4959999999999999
1597,0.0
1598,0.694
1599,0.802
1600,0.0
1601,0.0
1602,0.244
1603,0.0
1604,0.0
1605,0.802
1606,0.0
1607,0.0
1608,0.856
1609,0.0
1610,0.0
1611,0.20799999999999996
1612,0.0
1613,0.0
1614,0.0
1615,0.42399999999999993
1616,0.73
1617,0.874
1618,0.0
1619,0.82
1620,0.0
1621,0.22599999999999998
1622,0.262
1623,0.604
1624,0.0
1625,0.874
1626,0.0
1627,0.0
1628,0.0
1629,0.44199999999999995
1630,0.0
1631,0.82
1632,0.0
1633,0.838
1634,0.15400000000000003
1635,0.0
1636,0.0
1637,0.09999999999999998
1638,0.604
1639,0.17199999999999993
1640,0.5680000000000001
1641,0.4059999999999999
1642,0.0
1643,0.0
1644,0.73
1645,0.0
1646,0.586
1647,0.3879999999999999
1648,0.514
1649,0.856
1650,0.802
1651,0.0
1652,0.0
1653,0.0
1654,0.45999999999999996
1655,0.0
1656,0.0
1657,0.856
1658,0.82
1659,0.6759999999999999
1660,0.0
1661,0.0
1662,0.874
1663,0.0
1664,0.33399999999999996
1665,0.0
1666,0.5680000000000001
1667,0.33399999999999996
1668,0.0
1669,0.0
1670,0.82
1671,0.766
1672,0.604
1673,0.20799999999999996
1674,0.4959999999999999
1675,0.44199999999999995
1676,0.0
1677,0.118
1678,0.262
1679,0.748
1680,0.856
1681,0.0
1682,0.802
1683,0.82
1684,0.766
1685,0.712
1686,0.45999999999999996
1687,0.4959999999999999
1688,0.4059999999999999
1689,0.0
1690,0.45999999999999996
1691,0.0
1692,0.0
1693,0.0
1694,0.856
1695,0.0
1696,0.0
1697,0.802
1698,0.244
1699,0.0
1700,0.0
1701,0.37
1702,0.82
1703,0.0
1704,0.0
1705,0.0
1706,0.0
1707,0.0
1708,0.874
1709,0.0
1710,0.2799999999999999
1711,0.0
1712,0.856
1713,0.856
1714,0.784
1715,0.802
1716,0.0
1717,0.0
1718,0.3879999999999999
1719,0.0
1720,0.874
1721,0.0
1722,0.0
1723,0.0
1724,0.15400000000000003
1725,0.15400000000000003
1726,0.55
1727,0.0
1728,0.874
1729,0.712
1730,0.0
1731,0.0
1732,0.0
1733,0.0
1734,0.0
1735,0.0
1736,0.0
1737,0.586
1738,0.0
1739,0.0
1740,0.0
1741,0.0
1742,0.2799999999999999
1743,0.0
1744,0.0
1745,0.766
1746,0.0
1747,0.31599999999999995
1748,0.0
1749,0.802
1750,0.42399999999999993
1751,0.0
1752,0.0
1753,0.514
1754,0.0
1755,0.0
1756,0.0
1757,0.0
1758,0.766
1759,0.82
1760,0.15400000000000003
1761,0.0
1762,0.856
1763,0.4959999999999999
1764,0.73
1765,0.532
1766,0.0
1767,0.262
1768,0.0
1769,0.0
1770,0.6579999999999999
1771,0.0
1772,0.0
1773,0.838
1774,0.0
1775,0.0
1776,0.3879999999999999
1777,0.55
1778,0.802
1779,0.0
1780,0.0
1781,0.784
1782,0.478
1783,0.0
1784,0.4959999999999999
1785,0.748
1786,0.0
1787,0.0
1788,0.856
1789,0.838
1790,0.5680000000000001
1791,0.0
1792,0.0
1793,0.18999999999999995
1794,0.586
1795,0.586
1796,0.0
1797,0.0
1798,0.0
1799,0.0
1800,0.874
1801,0.586
1802,0.0
1803,0.136
1804,0.766
1805,0.0
1806,0.514
1807,0.0
1808,0.0
1809,0.0
1810,0.0
1811,0.0
1812,0.0
1813,0.6579999999999999
1814,0.838
1815,0.0
1816,0.838
1817,0.0
1818,0.2799999999999999
1819,0.874
1820,0.82
1821,0.20799999999999996
1822,0.0
1823,0.45999999999999996
1824,0.622
1825,0.0
1826,0.3879999999999999
1827,0.0
1828,0.0
1829,0.0
1830,0.0
1831,0.136
1832,0.856
1833,0.802
1834,0.802
1835,0.0
1836,0.0
1837,0.4059999999999999
1838,0.0
1839,0.0
1840,0.838
1841,0.0
1842,0.42399999999999993
1843,0.0
1844,0.694
1845,0.766
1846,0.0
1847,0.0
1848,0.784
1849,0.55
1850,0.17199999999999993
1851,0.262
1852,0.0
1853,0.0
1854,0.802
1855,0.0
1856,0.856
1857,0.136
1858,0.0
1859,0.694
1860,0.838
1861,0.6579999999999999
1862,0.784
1863,0.0
1864,0.0
1865,0.0
1866,0.0
1867,0.0
1868,0.0
1869,0.766
1870,0.0
1871,0.0
1872,0.0
1873,0.478
1874,0.0
1875,0.0
1876,0.0
1877,0.37
1878,0.874
1879,0.802
1880,0.766
1881,0.0
1882,0.0
1883,0.0
1884,0.0
1885,0.622
1886,0.0
1887,0.0
1888,0.0
1889,0.37
1890,0.766
1891,0.33399999999999996
1892,0.532
1893,0.42399999999999993
1894,0.856
1895,0.0
1896,0.6579999999999999
1897,0.55
1898,0.6579999999999999
1899,0.766
1900,0.514
1901,0.0
1902,0.73
1903,0.55
1904,0.874
1905,0.838
1906,0.0
1907,0.73
1908,0.622
1909,0.0
1910,0.856
1911,0.802
1912,0.838
1913,0.856
1914,0.55
1915,0.0
1916,0.82
1917,0.0
1918,0.0
1919,0.802
1920,0.33399999999999996
1921,0.802
1922,0.0
1923,0.0
1924,0.17199999999999993
1925,0.3879999999999999
1926,0.0
1927,0.82
1928,0.73
1929,0.856
1930,0.784
1931,0.352
1932,0.0
1933,0.82
1934,0.0
1935,0.0
1936,0.0
1937,0.0
1938,0.0
1939,0.4959999999999999
1940,0.0
1941,0.6399999999999999
1942,0.694
1943,0.0
1944,0.73
1945,0.766
1946,0.0
1947,0.0
1948,0.6399999999999999
1949,0.784
1950,0.0
1951,0.856
1952,0.0
1953,0.2799999999999999
1954,0.0
1955,0.3879999999999999
1956,0.33399999999999996
1957,0.22599999999999998
1958,0.17199999999999993
1959,0.0
1960,0.0
1961,0.802
1962,0.748
1963,0.856
1964,0.352
1965,0.874
1966,0.44199999999999995
1967,0.3879999999999999
1968,0.694
1969,0.352
1970,0.0
1971,0.0
1972,0.0
1973,0.6399999999999999
1974,0.15400000000000003
1975,0.748
1976,0.766
1977,0.622
1978,0.31599999999999995
1979,0.0
1980,0.0
1981,0.0
1982,0.784
1983,0.514
1984,0.17199999999999993
1985,0.0
1986,0.0
1987,0.0
1988,0.31599999999999995
1989,0.82
1990,0.838
1991,0.0
1992,0.0
1993,0.0
1994,0.622
1995,0.0
1996,0.0
1997,0.45999999999999996
1998,0.0
1999,0.82
2000,0.45999999999999996
2001,0.712
2002,0.17199999999999993
2003,0.874
2004,0.22599999999999998
2005,0.604
2006,0.0
2007,0.33399999999999996
2008,0.514
2009,0.622
2010,0.0
2011,0.4959999999999999
2012,0.0
2013,0.766
2014,0.856
2015,0.6399999999999999
2016,0.82
2017,0.6399999999999999
2018,0.0
2019,0.0
2020,0.0
2021,0.29799999999999993
2022,0.766
2023,0.352
2024,0.0
2025,0.0
2026,0.6579999999999999
2027,0.694
2028,0.82
2029,0.0
2030,0.37
2031,0.5680000000000001
2032,0.55
2033,0.42399999999999993
2034,0.0
2035,0.874
2036,0.514
2037,0.2799999999999999
2038,0.0
2039,0.0
2040,0.0
2041,0.0
2042,0.0
2043,0.33399999999999996
2044,0.874
2045,0.6399999999999999
2046,0.0
2047,0.784
2048,0.0
2049,0.6579999999999999
2050,0.856
2051,0.244
2052,0.82
2053,0.838
2054,0.694
2055,0.0
2056,0.802
2057,0.33399999999999996
2058,0.17199999999999993
2059,0.784
2060,0.42399999999999993
2061,0.82
2062,0.784
2063,0.0
2064,0.766
2065,0.22599999999999998
2066,0.0
2067,0.712
2068,0.29799999999999993
2069,0.118
2070,0.0
2071,0.694
2072,0.20799999999999996
2073,0.0
2074,0.802
2075,0.244
2076,0.0
2077,0.748
2078,0.0
2079,0.0
2080,0.838
2081,0.0
2082,0.0
2083,0.0
2084,0.604
2085,0.0
2086,0.0
2087,0.82
2088,0.694
2089,0.0
2090,0.73
2091,0.856
2092,0.33399999999999996
2093,0.0
2094,0.802
2095,0.0
2096,0.22599999999999998
2097,0.0
2098,0.586
2099,0.6579999999999999
2100,0.0
2101,0.0
2102,0.4059999999999999
2103,0.604
2104,0.838
2105,0.0
2106,0.0
2107,0.838
2108,0.82
2109,0.55
2110,0.838
2111,0.244
2112,0.0
2113,0.0
2114,0.136
2115,0.0
2116,0.55
2117,0.0
2118,0.0
2119,0.0
2120,0.0
2121,0.82
2122,0.0
2123,0.0
2124,0.29799999999999993
2125,0.0
2126,0.0
2127,0.0
2128,0.0
2129,0.784
2130,0.838
2131,0.0
2132,0.0
2133,0.0
2134,0.874
2135,0.694
2136,0.802
2137,0.0
2138,0.0
2139,0.6399999999999999
2140,0.0
2141,0.17199999999999993
2142,0.856
2143,0.31599999999999995
2144,0.0
2145,0.874
2146,0.0
2147,0.73
2148,0.712
2149,0.874
2150,0.0
2151,0.5680000000000001
2152,0.6579999999999999
2153,0.856
2154,0.604
2155,0.0
2156,0.0
2157,0.37
2158,0.6759999999999999
2159,0.352
2160,0.874
2161,0.73
2162,0.622
2163,0.0
2164,0.44199999999999995
2165,0.33399999999999996
2166,0.514
2167,0.0
2168,0.478
2169,0.0
2170,0.0
2171,0.784
2172,0.118
2173,0.0
2174,0.802
2175,0.0
2176,0.6399999999999999
2177,0.856
2178,0.3879999999999999
2179,0.37
2180,0.0
2181,0.2799999999999999
2182,0.44199999999999995
2183,0.874
2184,0.0
2185,0.586
2186,0.748
2187,0.0
2188,0.874
2189,0.0
2190,0.712
2191,0.0
2192,0.0
2193,0.0
2194,0.0
2195,0.31599999999999995
2196,0.6579999999999999
2197,0.0
2198,0.82
2199,0.604
2200,0.0
2201,0.0
2202,0.09999999999999998
2203,0.0
2204,0.802
2205,0.0
2206,0.622
2207,0.0
2208,0.532
2209,0.82
2210,0.856
2211,0.0
2212,0.0
2213,0.22599999999999998
2214,0.0
2215,0.0
2216,0.82
2217,0.0
2218,0.0
2219,0.55
2220,0.0
2221,0.0
2222,0.0
2223,0.0
2224,0.15400000000000003
2225,0.838
2226,0.0
2227,0.784
2228,0.0
2229,0.17199999999999993
2230,0.118
2231,0.2799999999999999
2232,0.874
2233,0.694
2234,0.6579999999999999
2235,0.0
2236,0.42399999999999993
2237,0.0
2238,0.0
2239,0.0
2240,0.0
2241,0.802
2242,0.856
2243,0.4959999999999999
2244,0.4059999999999999
2245,0.622
2246,0.0
2247,0.0
2248,0.0
2249,0.0
2250,0.0
2251,0.0
2252,0.856
2253,0.0
2254,0.694
2255,0.82
2256,0.802
2257,0.29799999999999993
2258,0.856
2259,0.6579999999999999
2260,0.0
2261,0.0
2262,0.6399999999999999
2263,0.0
2264,0.0
2265,0.262
2266,0.33399999999999996
2267,0.6759999999999999
2268,0.0
2269,0.0
2270,0.0
2271,0.0
2272,0.622
2273,0.532
2274,0.766
2275,0.0
2276,0.0
2277,0.0
2278,0.694
2279,0.5680000000000001
2280,0.37
2281,0.0
2282,0.29799999999999993
2283,0.0
2284,0.136
2285,0.6399999999999999
2286,0.5680000000000001
2287,0.856
2288,0.42399999999999993
2289,0.15400000000000003
2290,0.748
2291,0.0
2292,0.0
2293,0.0
2294,0.0
2295,0.42399999999999993
2296,0.31599999999999995
2297,0.0
2298,0.3879999999999999
2299,0.838
2300,0.4959999999999999
2301,0.0
2302,0.586
2303,0.784
2304,0.586
2305,0.0
2306,0.4959999999999999
2307,0.784
2308,0.0
2309,0.0
2310,0.0
2311,0.802
2312,0.09999999999999998
2313,0.856
2314,0.136
2315,0.20799999999999996
2316,0.0
2317,0.748
2318,0.0
2319,0.856
2320,0.0
2321,0.0
2322,0.0
2323,0.0
2324,0.874
2325,0.5680000000000001
2326,0.0
2327,0.856
2328,0.856
2329,0.6399999999999999
2330,0.0
2331,0.0
2332,0.44199999999999995
2333,0.0
2334,0.0
2335,0.82
2336,0.0
2337,0.55
2338,0.0
2339,0.514
2340,0.856
2341,0.31599999999999995
2342,0.478
2343,0.0
2344,0.0
2345,0.802
2346,0.0
2347,0.6399999999999999
2348,0.17199999999999993
2349,0.0
2350,0.748
2351,0.0
2352,0.0
2353,0.838
2354,0.766
2355,0.838
2356,0.73
2357,0.856
2358,0.838
2359,0.244
2360,0.856
2361,0.532
2362,0.712
2363,0.0
2364,0.0
2365,0.748
2366,0.0
2367,0.784
2368,0.748
2369,0.784
2370,0.0
2371,0.802
2372,0.622
2373,0.0
2374,0.0
2375,0.0
2376,0.0
2377,0.802
2378,0.73
2379,0.6399999999999999
2380,0.0
2381,0.712
2382,0.856
2383,0.0
2384,0.6399999999999999
2385,0.3879999999999999
2386,0.0
2387,0.0
2388,0.0
2389,0.4959999999999999
2390,0.0
2391,0.0
2392,0.874
2393,0.0
2394,0.0
2395,0.838
2396,0.5680000000000001
2397,0.0
2398,0.0
2399,0.73
2400,0.0
2401,0.0
2402,0.874
2403,0.838
2404,0.0
2405,0.82
2406,0.0
2407,0.712
2408,0.55
2409,0.712
2410,0.6399999999999999
2411,0.0
2412,0.0
2413,0.0
2414,0.73
2415,0.6579999999999999
2416,0.0
2417,0.82
2418,0.31599999999999995
2419,0.262
2420,0.82
2421,0.874
2422,0.4959999999999999
2423,0.838
2424,0.20799999999999996
2425,0.44199999999999995
2426,0.0
2427,0.22599999999999998
2428,0.0
2429,0.0
2430,0.0
2431,0.0
2432,0.0
2433,0.6399999999999999
2434,0.0
2435,0.0
2436,0.136
2437,0.748
2438,0.0
2439,0.838
2440,0.3879999999999999
2441,0.0
2442,0.604
2443,0.0
2444,0.0
2445,0.0
2446,0.15400000000000003
2447,0.37
2448,0.33399999999999996
2449,0.0
2450,0.244
2451,0.766
2452,0.0
2453,0.33399999999999996
2454,0.37
2455,0.82
2456,0.0
2457,0.4059999999999999
2458,0.244
2459,0.0
2460,0.694
2461,0.856
2462,0.6399999999999999
2463,0.0
2464,0.0
2465,0.22599999999999998
2466,0.45999999999999996
2467,0.784
2468,0.44199999999999995
2469,0.766
2470,0.856
2471,0.0
2472,0.0
2473,0.586
2474,0.802
2475,0.766
2476,0.838
2477,0.532
2478,0.838
2479,0.0
2480,0.766
2481,0.0
2482,0.0
2483,0.586
2484,0.6759999999999999
2485,0.0
2486,0.0
2487,0.0
2488,0.0
2489,0.0
2490,0.856
2491,0.73
2492,0.0
2493,0.856
2494,0.6759999999999999
2495,0.37
2496,0.6579999999999999
2497,0.0
2498,0.0
2499,0.0
2500,0.262
2501,0.4059999999999999
2502,0.6579999999999999
2503,0.0
2504,0.0
2505,0.0
2506,0.0
2507,0.0
2508,0.604
2509,0.73
2510,0.604
2511,0.0
2512,0.766
2513,0.622
2514,0.0
2515,0.0
2516,0.0
2517,0.856
2518,0.0
2519,0.0
2520,0.0
2521,0.73
2522,0.856
2523,0.6579999999999999
2524,0.82
2525,0.4959999999999999
2526,0.73
2527,0.0
2528,0.586
2529,0.622
2530,0.244
2531,0.0
2532,0.0
2533,0.73
2534,0.0
2535,0.0
2536,0.0
2537,0.856
2538,0.532
2539,0.73
2540,0.82
2541,0.0
2542,0.55
2543,0.0
2544,0.802
2545,0.136
2546,0.856
2547,0.0
2548,0.784
2549,0.0
2550,0.784
2551,0.0
2552,0.33399999999999996
2553,0.4059999999999999
2554,0.874
2555,0.838
2556,0.748
2557,0.6399999999999999
2558,0.0
2559,0.0
2560,0.6759999999999999
2561,0.0
2562,0.73
2563,0.118
2564,0.0
2565,0.33399999999999996
2566,0.0
2567,0.0
2568,0.6759999999999999
2569,0.604
2570,0.0
2571,0.874
2572,0.0
2573,0.802
2574,0.0
2575,0.0
2576,0.0
2577,0.712
2578,0.874
2579,0.0
2580,0.33399999999999996
2581,0.3879999999999999
2582,0.0
2583,0.2799999999999999
2584,0.0
2585,0.802
2586,0.37
2587,0.22599999999999998
2588,0.45999999999999996
2589,0.838
2590,0.0
2591,0.82
2592,0.0
2593,0.694
2594,0.694
2595,0.802
2596,0.0
2597,0.4059999999999999
2598,0.0
2599,0.478
2600,0.0
2601,0.856
2602,0.0
2603,0.0
2604,0.0
2605,0.42399999999999993
2606,0.44199999999999995
2607,0.0
2608,0.29799999999999993
2609,0.0
2610,0.0
2611,0.0
2612,0.874
2613,0.0
2614,0.0
2615,0.0
2616,0.694
2617,0.0
2618,0.0
2619,0.838
2620,0.82
2621,0.0
2622,0.0
2623,0.0
2624,0.0
2625,0.0
2626,0.0
2627,0.09999999999999998
2628,0.0
2629,0.0
2630,0.0
2631,0.748
2632,0.55
2633,0.3879999999999999
2634,0.6579999999999999
2635,0.478
2636,0.18999999999999995
2637,0.0
2638,0.604
2639,0.856
2640,0.09999999999999998
2641,0.6759999999999999
2642,0.838
2643,0.802
2644,0.44199999999999995
2645,0.0
2646,0.44199999999999995
2647,0.478
2648,0.622
2649,0.748
2650,0.0
2651,0.748
2652,0.31599999999999995
2653,0.0
2654,0.6399999999999999
2655,0.532
2656,0.6579999999999999
2657,0.0
2658,0.0
2659,0.0
2660,0.874
2661,0.0
2662,0.874
2663,0.0
2664,0.0
2665,0.766
2666,0.0
2667,0.0
2668,0.0
2669,0.0
2670,0.29799999999999993
2671,0.0
2672,0.44199999999999995
2673,0.802
2674,0.0
2675,0.0
2676,0.0
2677,0.514
2678,0.0
2679,0.6759999999999999
2680,0.82
2681,0.0
2682,0.6579999999999999
2683,0.0
2684,0.0
2685,0.0
2686,0.0
2687,0.55
2688,0.0
2689,0.0
2690,0.29799999999999993
2691,0.0
2692,0.0
2693,0.478
2694,0.0
2695,0.0
2696,0.244
2697,0.514
2698,0.0
2699,0.42399999999999993
2700,0.5680000000000001
2701,0.784
2702,0.856
2703,0.09999999999999998
2704,0.73
2705,0.42399999999999993
2706,0.352
2707,0.838
2708,0.0
2709,0.0
2710,0.586
2711,0.0
2712,0.73
2713,0.73
2714,0.0
2715,0.2799999999999999
2716,0.0
2717,0.874
2718,0.0
2719,0.0
2720,0.0
2721,0.0
2722,0.5680000000000001
2723,0.17199999999999993
2724,0.82
2725,0.0
2726,0.136
2727,0.0
2728,0.0
2729,0.0
2730,0.244
2731,0.352
2732,0.15400000000000003
2733,0.0
2734,0.748
2735,0.37
2736,0.244
2737,0.694
2738,0.0
2739,0.478
2740,0.22599999999999998
2741,0.0
2742,0.838
2743,0.748
2744,0.37
2745,0.694
2746,0.874
2747,0.0
2748,0.73
2749,0.136
2750,0.766
2751,0.0
2752,0.0
2753,0.0
2754,0.856
2755,0.42399999999999993
2756,0.18999999999999995
2757,0.0
2758,0.6579999999999999
2759,0.856
2760,0.0
2761,0.0
2762,0.0
2763,0.33399999999999996
2764,0.856
2765,0.0
2766,0.766
2767,0.0
2768,0.0
2769,0.532
2770,0.4959999999999999
2771,0.352
2772,0.0
2773,0.802
2774,0.0
2775,0.586
2776,0.29799999999999993
2777,0.0
2778,0.0
2779,0.0
2780,0.29799999999999993
2781,0.0
2782,0.0
2783,0.6579999999999999
2784,0.0
2785,0.784
2786,0.0
2787,0.0
2788,0.0
2789,0.29799999999999993
2790,0.0
2791,0.0
2792,0.0
2793,0.0
2794,0.0
2795,0.55
2796,0.6759999999999999
2797,0.0
2798,0.604
2799,0.784
2800,0.0
2801,0.82
2802,0.0
2803,0.712
2804,0.0
2805,0.0
2806,0.604
2807,0.0
2808,0.712
2809,0.0
2810,0.42399999999999993
2811,0.766
2812,0.262
2813,0.0
2814,0.0
2815,0.0
2816,0.55
2817,0.0
2818,0.874
2819,0.6579999999999999
2820,0.118
2821,0.0
2822,0.0
2823,0.0
2824,0.0
2825,0.0
2826,0.6399999999999999
2827,0.73
2828,0.514
2829,0.0
2830,0.0
2831,0.874
2832,0.712
2833,0.874
2834,0.0
2835,0.802
2836,0.37
2837,0.0
2838,0.0
2839,0.20799999999999996
2840,0.532
2841,0.3879999999999999
2842,0.532
2843,0.55
2844,0.0
2845,0.712
2846,0.42399999999999993
2847,0.0
2848,0.586
2849,0.2799999999999999
2850,0.33399999999999996
2851,0.352
2852,0.6759999999999999
2853,0.15400000000000003
2854,0.604
2855,0.45999999999999996
2856,0.0
2857,0.0
2858,0.0
2859,0.0
2860,0.33399999999999996
2861,0.0
2862,0.766
2863,0.856
2864,0.0
2865,0.0
2866,0.478
2867,0.586
2868,0.0
2869,0.0
2870,0.0
2871,0.0
2872,0.244
2873,0.0
2874,0.0
2875,0.0
2876,0.5680000000000001
2877,0.766
2878,0.0
2879,0.29799999999999993
2880,0.0
2881,0.0
2882,0.22599999999999998
2883,0.802
2884,0.0
2885,0.874
2886,0.33399999999999996
2887,0.0
2888,0.3879999999999999
2889,0.0
2890,0.0
2891,0.802
2892,0.136
2893,0.0
2894,0.0
2895,0.3879999999999999
2896,0.0
2897,0.784
2898,0.874
2899,0.802
2900,0.82
2901,0.29799999999999993
2902,0.352
2903,0.31599999999999995
2904,0.37
2905,0.0
2906,0.784
2907,0.802
2908,0.712
2909,0.0
2910,0.0
2911,0.748
2912,0.0
2913,0.0
2914,0.0
2915,0.0
2916,0.0
2917,0.0
2918,0.0
2919,0.0
2920,0.712
2921,0.4059999999999999
2922,0.17199999999999993
2923,0.0
2924,0.478
2925,0.0
2926,0.0
2927,0.0
2928,0.0
2929,0.0
2930,0.532
2931,0.0
2932,0.0
2933,0.0
2934,0.0
2935,0.0
2936,0.0
2937,0.0
2938,0.6399999999999999
2939,0.0
2940,0.856
2941,0.874
2942,0.604
2943,0.604
2944,0.874
2945,0.82
2946,0.33399999999999996
2947,0.6759999999999999
2948,0.712
2949,0.0
2950,0.0
2951,0.0
2952,0.6399999999999999
2953,0.784
2954,0.802
2955,0.586
2956,0.0
2957,0.55
2958,0.0
2959,0.748
2960,0.45999999999999996
2961,0.0
2962,0.0
2963,0.5680000000000001
2964,0.37
2965,0.18999999999999995
2966,0.0
2967,0.55
2968,0.604
2969,0.6579999999999999
2970,0.0
2971,0.0
2972,0.748
2973,0.0
2974,0.838
2975,0.0
2976,0.532
2977,0.802
2978,0.694
2979,0.0
2980,0.0
2981,0.0
2982,0.766
2983,0.0
2984,0.856
2985,0.0
2986,0.748
2987,0.874
2988,0.0
2989,0.73
2990,0.6759999999999999
2991,0.118
2992,0.802
2993,0.55
2994,0.0
2995,0.748
2996,0.856
2997,0.0
2998,0.838
2999,0.784
3000,0.82
3001,0.874
3002,0.0
3003,0.856
3004,0.5680000000000001
3005,0.694
3006,0.0
3007,0.0
3008,0.5680000000000001
3009,0.694
3010,0.0
3011,0.532
3012,0.694
3013,0.874
3014,0.622
3015,0.838
3016,0.766
3017,0.0
3018,0.784
3019,0.0
3020,0.0
3021,0.604
3022,0.6579999999999999
3023,0.0
3024,0.37
3025,0.532
3026,0.0
3027,0.802
3028,0.532
3029,0.45999999999999996
3030,0.0
3031,0.766
3032,0.532
3033,0.3879999999999999
3034,0.856
3035,0.0
3036,0.766
3037,0.802
3038,0.532
3039,0.4059999999999999
3040,0.0
3041,0.55
3042,0.514
3043,0.784
3044,0.0
3045,0.712
3046,0.136
3047,0.22599999999999998
3048,0.0
3049,0.0
3050,0.0
3051,0.0
3052,0.838
3053,0.0
3054,0.73
3055,0.0
3056,0.838
3057,0.73
3058,0.766
3059,0.0
3060,0.604
3061,0.18999999999999995
3062,0.0
3063,0.0
3064,0.0
3065,0.0
3066,0.856
3067,0.0
3068,0.874
3069,0.82
3070,0.748
3071,0.514
3072,0.622
3073,0.0
3074,0.838
3075,0.82
3076,0.838
3077,0.73
3078,0.748
3079,0.874
3080,0.0
3081,0.0
3082,0.478
3083,0.0
3084,0.856
3085,0.748
3086,0.4959999999999999
3087,0.802
3088,0.478
3089,0.4959999999999999
3090,0.748
3091,0.0
3092,0.0
3093,0.586
3094,0.82
3095,0.0
3096,0.29799999999999993
3097,0.0
3098,0.0
3099,0.244
3100,0.73
3101,0.0
3102,0.766
3103,0.0
3104,0.73
3105,0.0
3106,0.514
3107,0.5680000000000001
3108,0.532
3109,0.802
3110,0.0
3111,0.55
3112,0.0
3113,0.0
3114,0.15400000000000003
3115,0.532
3116,0.856
3117,0.784
3118,0.0
3119,0.0
3120,0.6579999999999999
3121,0.0
3122,0.136
3123,0.712
3124,0.784
3125,0.0
3126,0.748
3127,0.0
3128,0.0
3129,0.0
3130,0.6399999999999999
3131,0.22599999999999998
3132,0.6759999999999999
3133,0.748
3134,0.0
3135,0.0
3136,0.532
3137,0.262
3138,0.586
3139,0.0
3140,0.73
3141,0.0
3142,0.802
3143,0.0
3144,0.6399999999999999
3145,0.874
3146,0.532
3147,0.31599999999999995
3148,0.0
3149,0.0
3150,0.6759999999999999
3151,0.136
3152,0.42399999999999993
3153,0.0
3154,0.4959999999999999
3155,0.0
3156,0.0
3157,0.0
3158,0.73
3159,0.802
3160,0.784
3161,0.6579999999999999
3162,0.37
3163,0.6399999999999999
3164,0.0
3165,0.532
3166,0.0
3167,0.838
3168,0.0
3169,0.0
3170,0.0
3171,0.0
3172,0.42399999999999993
3173,0.73
3174,0.874
3175,0.0
3176,0.856
3177,0.0
3178,0.2799999999999999
3179,0.802
3180,0.0
3181,0.0
3182,0.09999999999999998
3183,0.0
3184,0.0
3185,0.766
3186,0.0
3187,0.17199999999999993
3188,0.0
3189,0.0
3190,0.0
3191,0.766
3192,0.136
3193,0.0
3194,0.0
3195,0.0
3196,0.0
3197,0.712
3198,0.3879999999999999
3199,0.0
3200,0.0
3201,0.0
3202,0.44199999999999995
3203,0.0
3204,0.694
3205,0.766
3206,0.0
3207,0.29799999999999993
3208,0.478
3209,0.0
3210,0.20799999999999996
3211,0.0
3212,0.42399999999999993
3213,0.352
3214,0.55
3215,0.45999999999999996
3216,0.0
3217,0.42399999999999993
3218,0.0
3219,0.0
3220,0.0
3221,0.0
3222,0.874
3223,0.0
3224,0.5680000000000001
3225,0.0
3226,0.20799999999999996
3227,0.6579999999999999
3228,0.45999999999999996
3229,0.352
3230,0.784
3231,0.856
3232,0.73
3233,0.784
3234,0.0
3235,0.856
3236,0.0
3237,0.0
3238,0.802
3239,0.33399999999999996
3240,0.874
3241,0.0
3242,0.6579999999999999
3243,0.856
3244,0.0
3245,0.0
3246,0.478
3247,0.856
3248,0.3879999999999999
3249,0.874
3250,0.0
3251,0.874
3252,0.802
3253,0.0
3254,0.0
3255,0.45999999999999996
3256,0.0
3257,0.262
3258,0.31599999999999995
3259,0.0
3260,0.0
3261,0.6759999999999999
3262,0.0
3263,0.0
3264,0.0
3265,0.622
3266,0.748
3267,0.712
3268,0.604
3269,0.0
3270,0.0
3271,0.0
3272,0.838
3273,0.0
3274,0.766
3275,0.4959999999999999
3276,0.712
3277,0.15400000000000003
3278,0.0
3279,0.6759999999999999
3280,0.262
3281,0.838
3282,0.0
3283,0.766
3284,0.712
3285,0.0
3286,0.694
3287,0.532
3288,0.0
3289,0.0
3290,0.0
3291,0.37
3292,0.0
3293,0.42399999999999993
3294,0.748
3295,0.0
3296,0.748
3297,0.0
3298,0.532
3299,0.802
3300,0.856
3301,0.0
3302,0.45999999999999996
3303,0.748
3304,0.0
3305,0.118
3306,0.766
3307,0.838
3308,0.0
3309,0.0
3310,0.82
3311,0.18999999999999995
3312,0.73
3313,0.0
3314,0.838
3315,0.0
3316,0.622
3317,0.784
3318,0.748
3319,0.748
3320,0.0
3321,0.874
3322,0.532
3323,0.838
3324,0.802
3325,0.73
3326,0.0
3327,0.15400000000000003
3328,0.0
3329,0.0
3330,0.0
3331,0.0
3332,0.136
3333,0.0
3334,0.44199999999999995
3335,0.0
3336,0.352
3337,0.0
3338,0.0
3339,0.0
3340,0.0
3341,0.136
3342,0.0
3343,0.0
3344,0.802
3345,0.0
3346,0.694
3347,0.748
3348,0.532
3349,0.55
3350,0.0
3351,0.4959999999999999
3352,0.622
3353,0.29799999999999993
3354,0.0
3355,0.0
3356,0.514
3357,0.0
3358,0.0
3359,0.712
3360,0.604
3361,0.0
3362,0.856
3363,0.0
3364,0.0
3365,0.244
3366,0.784
3367,0.6759999999999999
3368,0.5680000000000001
3369,0.0
3370,0.0
3371,0.874
3372,0.0
3373,0.33399999999999996
3374,0.0
3375,0.18999999999999995
3376,0.514
3377,0.44199999999999995
3378,0.73
3379,0.694
3380,0.82
3381,0.29799999999999993
3382,0.0
3383,0.0
3384,0.18999999999999995
3385,0.6759999999999999
3386,0.0
3387,0.29799999999999993
3388,0.15400000000000003
3389,0.45999999999999996
3390,0.45999999999999996
3391,0.0
3392,0.622
3393,0.73
3394,0.73
3395,0.4059999999999999
3396,0.0
3397,0.604
3398,0.0
3399,0.0
3400,0.0
3401,0.748
3402,0.0
3403,0.784
3404,0.0
3405,0.784
3406,0.73
3407,0.0
3408,0.352
3409,0.22599999999999998
3410,0.766
3411,0.118
3412,0.478
3413,0.0
3414,0.42399999999999993
3415,0.694
3416,0.82
3417,0.0
3418,0.0
3419,0.4059999999999999
3420,0.0
3421,0.6579999999999999
3422,0.0
3423,0.6759999999999999
3424,0.0
3425,0.0
3426,0.622
3427,0.0
3428,0.0
3429,0.748
3430,0.0
3431,0.22599999999999998
3432,0.586
3433,0.118
3434,0.0
3435,0.73
3436,0.352
3437,0.0
3438,0.712
3439,0.73
3440,0.0
3441,0.6399999999999999
3442,0.0
3443,0.31599999999999995
3444,0.22599999999999998
3445,0.0
3446,0.0
3447,0.82
3448,0.0
3449,0.0
3450,0.136
3451,0.622
3452,0.17199999999999993
3453,0.6579999999999999
3454,0.784
3455,0.6399999999999999
3456,0.0
3457,0.29799999999999993
3458,0.0
3459,0.6399999999999999
3460,0.874
3461,0.0
3462,0.514
3463,0.0
3464,0.136
3465,0.766
3466,0.0
3467,0.0
3468,0.694
3469,0.802
3470,0.5680000000000001
3471,0.55
3472,0.532
3473,0.0
3474,0.0
3475,0.6399999999999999
3476,0.0
3477,0.0
3478,0.09999999999999998
3479,0.118
3480,0.0
3481,0.748
3482,0.0
3483,0.748
3484,0.4959999999999999
3485,0.802
3486,0.6759999999999999
3487,0.0
3488,0.6579999999999999
3489,0.0
3490,0.6579999999999999
3491,0.0
3492,0.622
3493,0.622
3494,0.55
3495,0.0
3496,0.802
3497,0.0
3498,0.838
3499,0.0
3500,0.802
3501,0.0
3502,0.766
3503,0.856
3504,0.0
3505,0.0
3506,0.0
3507,0.44199999999999995
3508,0.0
3509,0.694
3510,0.262
3511,0.0
3512,0.6399999999999999
3513,0.874
3514,0.15400000000000003
3515,0.0
3516,0.2799999999999999
3517,0.4059999999999999
3518,0.748
3519,0.856
3520,0.82
3521,0.3879999999999999
3522,0.82
3523,0.0
3524,0.0
3525,0.856
3526,0.874
3527,0.262
3528,0.0
3529,0.0
3530,0.0
3531,0.0
3532,0.0
3533,0.532
3534,0.0
3535,0.244
3536,0.802
3537,0.0
3538,0.0
3539,0.42399999999999993
3540,0.0
3541,0.17199999999999993
3542,0.604
3543,0.0
3544,0.82
3545,0.0
3546,0.0
3547,0.874
3548,0.766
3549,0.6399999999999999
3550,0.45999999999999996
3551,0.0
3552,0.82
3553,0.0
3554,0.784
3555,0.0
3556,0.0
3557,0.45999999999999996
3558,0.6759999999999999
3559,0.15400000000000003
3560,0.0
3561,0.82
3562,0.73
3563,0.748
3564,0.0
3565,0.82
3566,0.0
3567,0.694
3568,0.37
3569,0.0
3570,0.42399999999999993
3571,0.0
3572,0.802
3573,0.514
3574,0.0
3575,0.0
3576,0.784
3577,0.0
3578,0.0
3579,0.82
3580,0.0
3581,0.0
3582,0.73
3583,0.82
3584,0.6399999999999999
3585,0.0
3586,0.352
3587,0.0
3588,0.6759999999999999
3589,0.0
3590,0.29799999999999993
3591,0.2799999999999999
3592,0.0
3593,0.42399999999999993
3594,0.0
3595,0.3879999999999999
3596,0.3879999999999999
3597,0.838
3598,0.838
3599,0.874
3600,0.0
3601,0.4959999999999999
3602,0.0
3603,0.0
3604,0.856
3605,0.784
3606,0.0
3607,0.42399999999999993
3608,0.3879999999999999
3609,0.748
3610,0.0
3611,0.4959999999999999
3612,0.802
3613,0.0
3614,0.0
3615,0.0
3616,0.5680000000000001
3617,0.31599999999999995
3618,0.20799999999999996
3619,0.0
3620,0.0
3621,0.0
3622,0.874
3623,0.586
3624,0.6399999999999999
3625,0.18999999999999995
3626,0.0
3627,0.712
3628,0.0
3629,0.0
3630,0.0
3631,0.73
3632,0.0
3633,0.0
3634,0.6759999999999999
3635,0.44199999999999995
3636,0.0
3637,0.0
3638,0.0
3639,0.0
3640,0.0
3641,0.622
3642,0.3879999999999999
3643,0.856
3644,0.2799999999999999
3645,0.73
3646,0.0
3647,0.0
3648,0.82
3649,0.6759999999999999
3650,0.0
3651,0.6579999999999999
3652,0.17199999999999993
3653,0.55
3654,0.766
3655,0.766
3656,0.4959999999999999
3657,0.0
3658,0.0
3659,0.874
3660,0.748
3661,0.0
3662,0.0
3663,0.694
3664,0.0
3665,0.0
3666,0.0
3667,0.0
3668,0.856
3669,0.0
3670,0.0
3671,0.748
3672,0.15400000000000003
3673,0.37
3674,0.0
3675,0.09999999999999998
3676,0.586
3677,0.0
3678,0.4959999999999999
3679,0.0
3680,0.0
3681,0.0
3682,0.478
3683,0.874
3684,0.0
3685,0.0
3686,0.33399999999999996
3687,0.82
3688,0.20799999999999996
3689,0.0
3690,0.0
3691,0.73
3692,0.0
3693,0.0
3694,0.73
3695,0.0
3696,0.586
3697,0.0
3698,0.0
3699,0.0
3700,0.802
3701,0.0
3702,0.0
3703,0.0
3704,0.0
3705,0.0
3706,0.532
3707,0.514
3708,0.0
3709,0.33399999999999996
3710,0.0
3711,0.82
3712,0.0
3713,0.0
3714,0.478
3715,0.73
3716,0.0
3717,0.874
3718,0.0
3719,0.874
3720,0.514
3721,0.0
3722,0.37
3723,0.0
3724,0.874
3725,0.0
3726,0.802
3727,0.0
3728,0.514
3729,0.784
3730,0.17199999999999993
3731,0.0
3732,0.622
3733,0.748
3734,0.802
3735,0.838
3736,0.33399999999999996
3737,0.6399999999999999
3738,0.118
3739,0.838
3740,0.712
3741,0.82
3742,0.45999999999999996
3743,0.622
3744,0.4959999999999999
3745,0.0
3746,0.604
3747,0.6759999999999999
3748,0.5680000000000001
3749,0.0
3750,0.784
3751,0.586
3752,0.0
3753,0.0
3754,0.478
3755,0.694
3756,0.712
3757,0.0
3758,0.0
3759,0.0
3760,0.748
3761,0.0
3762,0.0
3763,0.0
3764,0.604
3765,0.352
3766,0.0
3767,0.802
3768,0.856
3769,0.0
3770,0.0
3771,0.0
3772,0.0
3773,0.352
3774,0.73
3775,0.0
3776,0.766
3777,0.694
3778,0.874
3779,0.82
3780,0.0
3781,0.748
3782,0.2799999999999999
3783,0.45999999999999996
3784,0.0
3785,0.0
3786,0.604
3787,0.118
3788,0.0
3789,0.18999999999999995
3790,0.118
3791,0.0
3792,0.0
3793,0.4959999999999999
3794,0.604
3795,0.136
3796,0.838
3797,0.622
3798,0.856
3799,0.2799999999999999
3800,0.838
3801,0.766
3802,0.0
3803,0.874
3804,0.0
3805,0.73
3806,0.37
3807,0.514
3808,0.712
3809,0.44199999999999995
3810,0.5680000000000001
3811,0.0
3812,0.0
3813,0.0
3814,0.694
3815,0.0
3816,0.784
3817,0.5680000000000001
3818,0.5680000000000001
3819,0.44199999999999995
3820,0.784
3821,0.0
3822,0.0
3823,0.0
3824,0.0
3825,0.352
3826,0.0
3827,0.82
3828,0.748
3829,0.0
3830,0.352
3831,0.82
3832,0.0
3833,0.766
3834,0.0
3835,0.42399999999999993
3836,0.0
3837,0.5680000000000001
3838,0.82
3839,0.0
3840,0.0
3841,0.352
3842,0.262
3843,0.0
3844,0.712
3845,0.0
3846,0.73
3847,0.0
3848,0.0
3849,0.856
3850,0.118
3851,0.4959999999999999
3852,0.0
3853,0.45999999999999996
3854,0.0
3855,0.0
3856,0.0
3857,0.0
3858,0.5680000000000001
3859,0.0
3860,0.33399999999999996
3861,0.694
3862,0.0
3863,0.0
3864,0.82
3865,0.0
3866,0.0
3867,0.856
3868,0.0
3869,0.4059999999999999
3870,0.766
3871,0.856
3872,0.748
3873,0.0
3874,0.0
3875,0.55
3876,0.514
3877,0.45999999999999996
3878,0.0
3879,0.6399999999999999
3880,0.6579999999999999
3881,0.0
3882,0.802
3883,0.136
3884,0.0
3885,0.586
3886,0.0
3887,0.0
3888,0.45999999999999996
3889,0.0
3890,0.0
3891,0.82
3892,0.37
3893,0.0
3894,0.0
3895,0.0
3896,0.5680000000000001
3897,0.874
3898,0.586
3899,0.0
3900,0.766
3901,0.478
3902,0.586
3903,0.0
3904,0.0
3905,0.694
3906,0.856
3907,0.802
3908,0.0
3909,0.0
3910,0.0
3911,0.0
3912,0.352
3913,0.22599999999999998
3914,0.6399999999999999
3915,0.0
3916,0.0
3917,0.2799999999999999
3918,0.0
3919,0.712
3920,0.532
3921,0.856
3922,0.6579999999999999
3923,0.352
3924,0.0
3925,0.712
3926,0.514
3927,0.82
3928,0.73
3929,0.29799999999999993
3930,0.0
3931,0.0
3932,0.604
3933,0.0
3934,0.17199999999999993
3935,0.0
3936,0.244
3937,0.802
3938,0.0
3939,0.0
3940,0.586
3941,0.0
3942,0.0
3943,0.712
3944,0.0
3945,0.0
3946,0.838
3947,0.42399999999999993
3948,0.0
3949,0.802
3950,0.766
3951,0.31599999999999995
3952,0.712
3953,0.6579999999999999
3954,0.0
3955,0.0
3956,0.09999999999999998
3957,0.0
3958,0.874
3959,0.838
3960,0.0
3961,0.766
3962,0.874
3963,0.784
3964,0.838
3965,0.766
3966,0.694
3967,0.604
3968,0.0
3969,0.694
3970,0.784
3971,0.604
3972,0.0
3973,0.0
3974,0.0
3975,0.0
3976,0.856
3977,0.44199999999999995
3978,0.29799999999999993
3979,0.0
3980,0.0
3981,0.838
3982,0.5680000000000001
3983,0.0
3984,0.136
3985,0.0
3986,0.4959999999999999
3987,0.22599999999999998
3988,0.45999999999999996
3989,0.82
3990,0.712
3991,0.856
3992,0.09999999999999998
3993,0.5680000000000001
3994,0.0
3995,0.0
3996,0.2799999999999999
3997,0.0
3998,0.0
3999,0.6399999999999999
4000,0.244
4001,0.0
4002,0.0
4003,0.15400000000000003
4004,0.0
4005,0.838
4006,0.874
4007,0.0
4008,0.694
4009,0.20799999999999996
4010,0.0
4011,0.874
4012,0.6759999999999999
4013,0.0
4014,0.0
4015,0.0
4016,0.604
4017,0.586
4018,0.6759999999999999
4019,0.0
4020,0.0
4021,0.622
4022,0.514
4023,0.0
4024,0.09999999999999998
4025,0.15400000000000003
4026,0.0
4027,0.0
4028,0.838
4029,0.0
4030,0.4059999999999999
4031,0.802
4032,0.856
4033,0.22599999999999998
4034,0.4959999999999999
4035,0.0
4036,0.622
4037,0.0
4038,0.856
4039,0.0
4040,0.29799999999999993
4041,0.0
4042,0.0
4043,0.838
4044,0.0
4045,0.6759999999999999
4046,0.838
4047,0.694
4048,0.0
4049,0.0
4050,0.514
4051,0.0
4052,0.31599999999999995
4053,0.0
4054,0.244
4055,0.82
4056,0.874
4057,0.0
4058,0.0
4059,0.0
4060,0.0
4061,0.82
4062,0.0
4063,0.802
4064,0.0
4065,0.09999999999999998
4066,0.604
4067,0.45999999999999996
4068,0.0
4069,0.0
4070,0.0
4071,0.0
4072,0.0
4073,0.478
4074,0.0
4075,0.6579999999999999
4076,0.748
4077,0.0
4078,0.29799999999999993
4079,0.0
4080,0.55
4081,0.0
4082,0.82
4083,0.766
4084,0.0
4085,0.694
4086,0.856
4087,0.6399999999999999
4088,0.622
4089,0.838
4090,0.17199999999999993
4091,0.0
4092,0.694
4093,0.15400000000000003
4094,0.784
4095,0.73
4096,0.29799999999999993
4097,0.0
4098,0.0
4099,0.29799999999999993
4100,0.0
4101,0.0
4102,0.856
4103,0.514
4104,0.838
4105,0.0
4106,0.0
4107,0.0
4108,0.766
4109,0.748
4110,0.784
4111,0.0
4112,0.586
4113,0.0
4114,0.874
4115,0.784
4116,0.0
4117,0.838
4118,0.0
4119,0.2799999999999999
4120,0.82
4121,0.0
4122,0.0
4123,0.29799999999999993
4124,0.0
4125,0.766
4126,0.0
4127,0.0
4128,0.0
4129,0.712
4130,0.712
4131,0.82
4132,0.82
4133,0.0
4134,0.0
4135,0.0
4136,0.748
4137,0.0
4138,0.0
4139,0.44199999999999995
4140,0.0
4141,0.622
4142,0.6759999999999999
4143,0.0
4144,0.0
4145,0.31599999999999995
4146,0.0
4147,0.0
4148,0.0
4149,0.0
4150,0.0
4151,0.0
4152,0.586
4153,0.0
4154,0.0
4155,0.0
4156,0.0
4157,0.0
4158,0.0
4159,0.0
4160,0.514
4161,0.20799999999999996
4162,0.6579999999999999
4163,0.0
4164,0.874
4165,0.0
4166,0.766
4167,0.82
4168,0.0
4169,0.0
4170,0.6399999999999999
4171,0.712
4172,0.4959999999999999
4173,0.22599999999999998
4174,0.0
4175,0.0
4176,0.0
4177,0.0
4178,0.244
4179,0.0
4180,0.0
4181,0.0
4182,0.478
4183,0.0
4184,0.0
4185,0.0
4186,0.0
4187,0.0
4188,0.0
4189,0.0
4190,0.6399999999999999
4191,0.766
4192,0.0
4193,0.0
4194,0.0
4195,0.0
4196,0.6759999999999999
4197,0.0
4198,0.0
4199,0.262
4200,0.856
4201,0.18999999999999995
4202,0.29799999999999993
4203,0.604
4204,0.0
4205,0.6579999999999999
4206,0.55
4207,0.0
4208,0.0
4209,0.0
4210,0.802
4211,0.73
4212,0.0
4213,0.0
4214,0.2799999999999999
4215,0.0
4216,0.604
4217,0.0
4218,0.31599999999999995
4219,0.82
4220,0.712
4221,0.478
4222,0.0
4223,0.802
4224,0.0
4225,0.6579999999999999
4226,0.20799999999999996
4227,0.856
4228,0.42399999999999993
4229,0.33399999999999996
4230,0.0
4231,0.244
4232,0.0
4233,0.6579999999999999
4234,0.4059999999999999
4235,0.784
4236,0.622
4237,0.0
4238,0.0
4239,0.0
4240,0.874
4241,0.244
4242,0.73
4243,0.0
4244,0.784
4245,0.532
4246,0.0
4247,0.0
4248,0.0
4249,0.0
4250,0.0
4251,0.514
4252,0.0
4253,0.0
4254,0.0
4255,0.874
4256,0.37
4257,0.586
4258,0.0
4259,0.0
4260,0.0
4261,0.3879999999999999
4262,0.802
4263,0.0
4264,0.42399999999999993
4265,0.4059999999999999
4266,0.0
4267,0.712
4268,0.874
4269,0.0
4270,0.4059999999999999
4271,0.712
4272,0.55
4273,0.0
4274,0.0
4275,0.586
4276,0.0
4277,0.6759999999999999
4278,0.82
4279,0.838
4280,0.838
4281,0.838
4282,0.856
4283,0.0
4284,0.55
4285,0.604
4286,0.0
4287,0.0
4288,0.0
4289,0.0
4290,0.20799999999999996
4291,0.17199999999999993
4292,0.0
4293,0.73
4294,0.6399999999999999
4295,0.874
4296,0.856
4297,0.784
4298,0.0
4299,0.694
4300,0.694
4301,0.0
4302,0.622
4303,0.0
4304,0.0
4305,0.874
4306,0.82
4307,0.0
4308,0.0
4309,0.6759999999999999
4310,0.694
4311,0.6399999999999999
4312,0.514
4313,0.856
4314,0.766
4315,0.18999999999999995
4316,0.0
4317,0.73
4318,0.18999999999999995
4319,0.802
4320,0.5680000000000001
4321,0.0
4322,0.0
4323,0.0
4324,0.0
4325,0.604
4326,0.6399999999999999
4327,0.0
4328,0.0
4329,0.0
4330,0.802
4331,0.5680000000000001
4332,0.17199999999999993
4333,0.874
4334,0.694
4335,0.0
4336,0.0
4337,0.31599999999999995
4338,0.532
4339,0.0
4340,0.802
4341,0.82
4342,0.0
4343,0.748
4344,0.15400000000000003
4345,0.874
4346,0.0
4347,0.622
4348,0.0
4349,0.838
4350,0.5680000000000001
4351,0.0
4352,0.0
4353,0.0
4354,0.6579999999999999
4355,0.33399999999999996
4356,0.856
4357,0.31599999999999995
4358,0.37
4359,0.0
4360,0.784
4361,0.0
4362,0.0
4363,0.0
4364,0.856
4365,0.0
4366,0.0
4367,0.22599999999999998
4368,0.0
4369,0.6579999999999999
4370,0.0
4371,0.42399999999999993
4372,0.0
4373,0.784
4374,0.622
4375,0.82
4376,0.0
4377,0.748
4378,0.0
4379,0.0
4380,0.0
4381,0.42399999999999993
4382,0.0
4383,0.0
4384,0.0
4385,0.4959999999999999
4386,0.0
4387,0.802
4388,0.262
4389,0.45999999999999996
4390,0.622
4391,0.0
4392,0.0
4393,0.0
4394,0.802
4395,0.6579999999999999
4396,0.0
4397,0.5680000000000001
4398,0.82
4399,0.478
4400,0.874
4401,0.45999999999999996
4402,0.31599999999999995
4403,0.244
4404,0.622
4405,0.6759999999999999
4406,0.766
4407,0.622
4408,0.352
4409,0.784
4410,0.0
4411,0.0
4412,0.712
4413,0.784
4414,0.0
4415,0.0
4416,0.0
4417,0.856
4418,0.82
4419,0.0
4420,0.856
4421,0.586
4422,0.0
4423,0.33399999999999996
4424,0.4059999999999999
4425,0.20799999999999996
4426,0.0
4427,0.4059999999999999
4428,0.856
4429,0.0
4430,0.874
4431,0.802
4432,0.0
4433,0.37
4434,0.838
4435,0.0
4436,0.4059999999999999
4437,0.766
4438,0.0
4439,0.15400000000000003
4440,0.0
4441,0.352
4442,0.766
4443,0.0
4444,0.0
4445,0.0
4446,0.748
4447,0.0
4448,0.874
4449,0.766
4450,0.766
4451,0.244
4452,0.6759999999999999
4453,0.6759999999999999
4454,0.42399999999999993
4455,0.0
4456,0.784
4457,0.73
4458,0.73
4459,0.0
4460,0.712
4461,0.0
4462,0.0
4463,0.20799999999999996
4464,0.0
4465,0.6759999999999999
4466,0.0
4467,0.55
4468,0.136
4469,0.838
4470,0.856
4471,0.0
4472,0.0
4473,0.802
4474,0.478
4475,0.0
4476,0.55
4477,0.33399999999999996
4478,0.3879999999999999
4479,0.244
4480,0.22599999999999998
4481,0.0
4482,0.0
4483,0.694
4484,0.0
4485,0.0
4486,0.874
4487,0.0
4488,0.748
4489,0.352
4490,0.45999999999999996
4491,0.0
4492,0.0
4493,0.244
4494,0.2799999999999999
4495,0.6759999999999999
4496,0.6579999999999999
4497,0.712
4498,0.0
4499,0.18999999999999995
4500,0.0
4501,0.0
4502,0.766
4503,0.0
4504,0.44199999999999995
4505,0.0
4506,0.73
4507,0.0
4508,0.0
4509,0.29799999999999993
4510,0.262
4511,0.6579999999999999
4512,0.478
4513,0.784
4514,0.856
4515,0.0
4516,0.33399999999999996
4517,0.0
4518,0.0
4519,0.0
4520,0.6759999999999999
4521,0.0
4522,0.0
4523,0.0
4524,0.838
4525,0.6579999999999999
4526,0.874
4527,0.118
4528,0.73
4529,0.18999999999999995
4530,0.31599999999999995
4531,0.856
4532,0.802
4533,0.802
4534,0.0
4535,0.514
4536,0.874
4537,0.0
4538,0.136
4539,0.0
4540,0.0
4541,0.766
4542,0.0
4543,0.0
4544,0.694
4545,0.6399999999999999
4546,0.0
4547,0.37
4548,0.784
4549,0.6399999999999999
4550,0.0
4551,0.0
4552,0.09999999999999998
4553,0.0
4554,0.136
4555,0.0
4556,0.0
4557,0.604
4558,0.82
4559,0.37
4560,0.478
4561,0.766
4562,0.0
4563,0.0
4564,0.838
4565,0.0
4566,0.0
4567,0.262
4568,0.0
4569,0.622
4570,0.514
4571,0.262
4572,0.82
4573,0.55
4574,0.136
4575,0.0
4576,0.0
4577,0.874
4578,0.0
4579,0.0
4580,0.4959999999999999
4581,0.0
4582,0.33399999999999996
4583,0.0
4584,0.748
4585,0.712
4586,0.0
4587,0.6399999999999999
4588,0.784
4589,0.17199999999999993
4590,0.33399999999999996
4591,0.0
4592,0.82
4593,0.6579999999999999
4594,0.874
4595,0.118
4596,0.784
4597,0.0
4598,0.0
4599,0.262
4600,0.0
4601,0.45999999999999996
4602,0.0
4603,0.874
4604,0.874
4605,0.0
4606,0.33399999999999996
4607,0.586
4608,0.874
4609,0.874
4610,0.0
4611,0.766
4612,0.0
4613,0.0
4614,0.0
4615,0.45999999999999996
4616,0.0
4617,0.0
4618,0.4959999999999999
4619,0.4059999999999999
4620,0.0
4621,0.6399999999999999
4622,0.0
4623,0.0
4624,0.838
4625,0.0
4626,0.22599999999999998
4627,0.748
4628,0.29799999999999993
4629,0.0
4630,0.0
4631,0.0
4632,0.784
4633,0.0
4634,0.874
4635,0.0
4636,0.856
4637,0.6579999999999999
4638,0.0
4639,0.82
4640,0.20799999999999996
4641,0.874
4642,0.802
4643,0.0
4644,0.82
4645,0.0
4646,0.73
4647,0.0
4648,0.0
4649,0.874
4650,0.0
4651,0.622
4652,0.0
4653,0.6579999999999999
4654,0.0
4655,0.0
4656,0.0
4657,0.55
4658,0.15400000000000003
4659,0.44199999999999995
4660,0.874
4661,0.0
4662,0.784
4663,0.31599999999999995
4664,0.748
4665,0.784
4666,0.0
4667,0.766
4668,0.712
4669,0.514
4670,0.0
4671,0.0
4672,0.6399999999999999
4673,0.0
4674,0.6579999999999999
4675,0.838
4676,0.838
4677,0.748
4678,0.0
4679,0.0
4680,0.0
4681,0.0
4682,0.0
4683,0.73
4684,0.0
4685,0.748
4686,0.0
4687,0.0
4688,0.874
4689,0.55
4690,0.856
4691,0.748
4692,0.0
4693,0.33399999999999996
4694,0.0
4695,0.0
4696,0.0
4697,0.0
4698,0.55
4699,0.604
4700,0.6579999999999999
4701,0.6579999999999999
4702,0.0
4703,0.586
4704,0.82
4705,0.802
4706,0.4059999999999999
4707,0.0
4708,0.45999999999999996
4709,0.6579999999999999
4710,0.0
4711,0.784
4712,0.6759999999999999
4713,0.712
4714,0.712
4715,0.802
4716,0.0
4717,0.6579999999999999
4718,0.29799999999999993
4719,0.42399999999999993
4720,0.0
4721,0.0
4722,0.73
4723,0.0
4724,0.0
4725,0.622
4726,0.6399999999999999
4727,0.82
4728,0.0
4729,0.0
4730,0.6759999999999999
4731,0.0
4732,0.4059999999999999
4733,0.0
4734,0.0
4735,0.118
4736,0.0
4737,0.478
4738,0.586
4739,0.874
4740,0.0
4741,0.0
4742,0.478
4743,0.514
4744,0.0
4745,0.0
4746,0.37
4747,0.694
4748,0.55
4749,0.33399999999999996
4750,0.838
4751,0.0
4752,0.0
4753,0.748
4754,0.712
4755,0.748
4756,0.838
4757,0.22599999999999998
4758,0.244
4759,0.0
4760,0.0
4761,0.4059999999999999
4762,0.6399999999999999
4763,0.262
4764,0.6399999999999999
4765,0.55
4766,0.0
4767,0.0
4768,0.514
4769,0.15400000000000003
4770,0.0
4771,0.0
4772,0.0
4773,0.694
4774,0.0
4775,0.0
4776,0.874
4777,0.37
4778,0.622
4779,0.0
4780,0.6399999999999999
4781,0.0
4782,0.262
4783,0.0
4784,0.478
4785,0.352
4786,0.0
4787,0.0
4788,0.0
4789,0.0
4790,0.18999999999999995
4791,0.136
4792,0.29799999999999993
4793,0.0
4794,0.0
4795,0.712
4796,0.0
4797,0.0
4798,0.0
4799,0.262
4800,0.532
4801,0.6399999999999999
4802,0.838
4803,0.352
4804,0.604
4805,0.17199999999999993
4806,0.45999999999999996
4807,0.838
4808,0.0
4809,0.0
4810,0.0
4811,0.0
4812,0.514
4813,0.838
4814,0.0
4815,0.55
4816,0.748
4817,0.0
4818,0.712
4819,0.0
4820,0.0
4821,0.31599999999999995
4822,0.0
4823,0.0
4824,0.0
4825,0.0
4826,0.838
4827,0.856
4828,0.0
4829,0.6399999999999999
4830,0.0
4831,0.82
4832,0.874
4833,0.4959999999999999
4834,0.748
4835,0.0
4836,0.45999999999999996
4837,0.0
4838,0.0
4839,0.766
4840,0.22599999999999998
4841,0.856
4842,0.784
4843,0.0
4844,0.478
4845,0.33399999999999996
4846,0.748
4847,0.6759999999999999
4848,0.694
4849,0.532
4850,0.0
4851,0.0
4852,0.622
4853,0.0
4854,0.0
4855,0.0
4856,0.0
4857,0.856
4858,0.478
4859,0.874
4860,0.784
4861,0.0
4862,0.262
4863,0.0
4864,0.0
4865,0.0
4866,0.0
4867,0.0
4868,0.0
4869,0.0
4870,0.0
4871,0.0
4872,0.622
4873,0.0
4874,0.82
4875,0.82
4876,0.874
4877,0.3879999999999999
4878,0.45999999999999996
4879,0.6399999999999999
4880,0.694
4881,0.784
4882,0.0
4883,0.0
4884,0.0
4885,0.6759999999999999
4886,0.0
4887,0.0
4888,0.0
4889,0.45999999999999996
4890,0.0
4891,0.802
4892,0.0
4893,0.478
4894,0.856
4895,0.838
4896,0.22599999999999998
4897,0.766
4898,0.622
4899,0.3879999999999999
4900,0.0
4901,0.0
4902,0.874
4903,0.622
4904,0.0
4905,0.262
4906,0.694
4907,0.0
4908,0.0
4909,0.0
4910,0.856
4911,0.0
4912,0.0
4913,0.0
4914,0.838
4915,0.0
4916,0.73
4917,0.0
4918,0.20799999999999996
4919,0.0
4920,0.0
4921,0.0
4922,0.0
4923,0.0
4924,0.82
4925,0.0
4926,0.42399999999999993
4927,0.82
4928,0.0
4929,0.802
4930,0.37
4931,0.0
4932,0.18999999999999995
4933,0.0
4934,0.0
4935,0.0
4936,0.784
4937,0.0
4938,0.0
4939,0.604
4940,0.0
4941,0.0
4942,0.0
4943,0.0
4944,0.0
4945,0.82
4946,0.0
4947,0.0
4948,0.82
4949,0.0
4950,0.0
4951,0.0
4952,0.802
4953,0.604
4954,0.33399999999999996
4955,0.0
4956,0.766
4957,0.622
4958,0.0
4959,0.802
4960,0.0
4961,0.0
4962,0.0
4963,0.0
4964,0.44199999999999995
4965,0.37
4966,0.856
4967,0.532
4968,0.6399999999999999
4969,0.784
4970,0.82
4971,0.478
4972,0.0
4973,0.0
4974,0.0
4975,0.4059999999999999
4976,0.0
4977,0.0
4978,0.766
4979,0.784
4980,0.0
4981,0.838
4982,0.0
4983,0.0
4984,0.766
4985,0.766
4986,0.874
4987,0.766
4988,0.0
4989,0.0
4990,0.0
4991,0.0
4992,0.748
4993,0.0
4994,0.73
4995,0.5680000000000001
4996,0.0
4997,0.6579999999999999
4998,0.0
4999,0.838
